referrelsite,vistornum,sessionnum,logdate
(direct),363,642,2019-06-03
accupass.com,14,24,2019-06-03
analytics.google.com,1,5,2019-06-03
Facebook_PicSee,24,40,2019-06-03
facebook.com,14,24,2019-06-03
github.com,3,7,2019-06-03
google,127,210,2019-06-03
hackmd.io,1,2,2019-06-03
l.facebook.com,11,21,2019-06-03
mail.google.com,1,1,2019-06-03
mail.yahoo.com,2,5,2019-06-03
maxlist.xyz,1,3,2019-06-03
msn.com,1,4,2019-06-03
sg2000.webmail.hinet.net,1,3,2019-06-03
sogou,1,1,2019-06-03
tw.search.yahoo.com,1,1,2019-06-03
wlan.cc.ncu.edu.tw,1,3,2019-06-03
(direct),331,595,2019-06-04
accupass.com,14,19,2019-06-04
ai100.taocart.com,1,2,2019-06-04
analytics.google.com,1,4,2019-06-04
Facebook_PicSee,20,36,2019-06-04
facebook.com,12,20,2019-06-04
github.com,3,9,2019-06-04
google,129,191,2019-06-04
hackmd.io,1,1,2019-06-04
l.facebook.com,7,15,2019-06-04
m.facebook.com,2,2,2019-06-04
mail.yahoo.com,1,1,2019-06-04
maxlist.xyz,1,2,2019-06-04
msn.com,2,2,2019-06-04
sg2000.webmail.hinet.net,1,3,2019-06-04
sogou,2,2,2019-06-04
tw.search.yahoo.com,1,1,2019-06-04
wlan.cc.ncu.edu.tw,1,2,2019-06-04
(direct),300,500,2019-06-05
accupass.com,13,22,2019-06-05
ai100.taocart.com,1,3,2019-06-05
analytics.google.com,1,6,2019-06-05
e-hentai.org,1,1,2019-06-05
elearning.yuntech.edu.tw,3,3,2019-06-05
Facebook_PicSee,21,37,2019-06-05
facebook.com,12,23,2019-06-05
github.com,2,3,2019-06-05
google,128,192,2019-06-05
hackmd.io,1,2,2019-06-05
l.facebook.com,9,16,2019-06-05
local.taocart.com,1,1,2019-06-05
mail.yahoo.com,3,4,2019-06-05
maxlist.xyz,2,2,2019-06-05
msn.com,2,3,2019-06-05
wlan.cc.ncu.edu.tw,1,2,2019-06-05
(direct),265,441,2019-06-06
accupass.com,6,16,2019-06-06
ai100.taocart.com,1,0,2019-06-06
analytics.google.com,1,6,2019-06-06
bing,1,1,2019-06-06
Facebook_PicSee,24,40,2019-06-06
facebook.com,12,22,2019-06-06
github.com,3,4,2019-06-06
google,112,182,2019-06-06
l.facebook.com,10,19,2019-06-06
lm.facebook.com,1,2,2019-06-06
m.facebook.com,1,1,2019-06-06
mail.yahoo.com,2,3,2019-06-06
maxlist.xyz,1,1,2019-06-06
msn.com,1,6,2019-06-06
paper.dropbox.com,1,1,2019-06-06
so.com,1,1,2019-06-06
tw.search.yahoo.com,2,2,2019-06-06
wlan.cc.ncu.edu.tw,1,2,2019-06-06
(direct),230,444,2019-06-07
accupass.com,7,16,2019-06-07
Facebook_PicSee,15,34,2019-06-07
facebook.com,16,32,2019-06-07
github.com,3,7,2019-06-07
google,86,153,2019-06-07
l.facebook.com,8,20,2019-06-07
m.facebook.com,2,3,2019-06-07
msn.com,2,6,2019-06-07
paper.dropbox.com,1,1,2019-06-07
tw.search.yahoo.com,1,1,2019-06-07
wlan.cc.ncu.edu.tw,1,2,2019-06-07
(direct),199,448,2019-06-08
accupass.com,8,23,2019-06-08
ahrefs.com,1,2,2019-06-08
Facebook_PicSee,9,22,2019-06-08
facebook.com,12,27,2019-06-08
github.com,2,9,2019-06-08
google,87,165,2019-06-08
l.facebook.com,5,8,2019-06-08
m.facebook.com,1,1,2019-06-08
mail.yahoo.com,1,1,2019-06-08
maxlist.xyz,2,2,2019-06-08
msn.com,2,3,2019-06-08
sogou,2,2,2019-06-08
tw.search.yahoo.com,1,1,2019-06-08
wlan.cc.ncu.edu.tw,1,5,2019-06-08
(direct),241,501,2019-06-09
accupass.com,10,28,2019-06-09
draw.io,1,1,2019-06-09
evernote.com,1,1,2019-06-09
Facebook_PicSee,13,30,2019-06-09
facebook.com,11,34,2019-06-09
github.com,3,9,2019-06-09
google,106,190,2019-06-09
l.facebook.com,5,19,2019-06-09
mail.google.com,1,2,2019-06-09
mail.yahoo.com,2,4,2019-06-09
maxlist.xyz,1,1,2019-06-09
msn.com,3,7,2019-06-09
sogou,1,1,2019-06-09
wlan.cc.ncu.edu.tw,1,4,2019-06-09
(direct),490,827,2019-06-10
accupass.com,24,50,2019-06-10
ai100.taocart.com,1,2,2019-06-10
analytics.google.com,2,5,2019-06-10
draw.io,1,2,2019-06-10
elearning.yuntech.edu.tw,3,3,2019-06-10
Facebook_PicSee,46,89,2019-06-10
facebook.com,29,68,2019-06-10
github.com,3,10,2019-06-10
google,159,245,2019-06-10
l.facebook.com,7,17,2019-06-10
lm.facebook.com,1,2,2019-06-10
m.facebook.com,10,11,2019-06-10
mail.google.com,1,1,2019-06-10
mail.yahoo.com,2,3,2019-06-10
maxlist.xyz,1,2,2019-06-10
medium.com,1,1,2019-06-10
msn.com,3,3,2019-06-10
sogou,2,2,2019-06-10
wlan.cc.ncu.edu.tw,1,9,2019-06-10
yahoo,1,1,2019-06-10
(direct),357,680,2019-06-11
accupass.com,15,26,2019-06-11
analytics.google.com,2,9,2019-06-11
elearning.yuntech.edu.tw,1,1,2019-06-11
Facebook_PicSee,31,70,2019-06-11
facebook.com,25,51,2019-06-11
github.com,1,1,2019-06-11
google,164,285,2019-06-11
l.facebook.com,5,12,2019-06-11
mail.google.com,1,1,2019-06-11
mail.yahoo.com,2,5,2019-06-11
wlan.cc.ncu.edu.tw,1,3,2019-06-11
(direct),323,567,2019-06-12
accupass.com,13,26,2019-06-12
analytics.google.com,2,3,2019-06-12
bing,1,1,2019-06-12
draw.io,1,1,2019-06-12
Facebook_PicSee,23,44,2019-06-12
facebook.com,21,45,2019-06-12
github.com,2,2,2019-06-12
google,148,249,2019-06-12
l.facebook.com,8,17,2019-06-12
lm.facebook.com,1,1,2019-06-12
local.taocart.com,1,2,2019-06-12
mail.google.com,1,1,2019-06-12
mail.yahoo.com,1,1,2019-06-12
msn.com,2,3,2019-06-12
paper.dropbox.com,1,1,2019-06-12
tw.search.yahoo.com,2,3,2019-06-12
wlan.cc.ncu.edu.tw,1,5,2019-06-12
(direct),324,581,2019-06-13
accupass.com,17,25,2019-06-13
analytics.google.com,2,6,2019-06-13
bing,1,1,2019-06-13
draw.io,1,1,2019-06-13
elearning.yuntech.edu.tw,1,1,2019-06-13
Facebook_PicSee,21,42,2019-06-13
facebook.com,22,49,2019-06-13
github.com,1,3,2019-06-13
google,137,234,2019-06-13
l.facebook.com,12,14,2019-06-13
l.messenger.com,1,1,2019-06-13
lm.facebook.com,1,1,2019-06-13
mail.yahoo.com,2,4,2019-06-13
maxlist.xyz,1,2,2019-06-13
paper.dropbox.com,1,2,2019-06-13
tw.search.yahoo.com,1,1,2019-06-13
wlan.cc.ncu.edu.tw,1,6,2019-06-13
(direct),275,492,2019-06-14
accupass.com,11,22,2019-06-14
ai100.taocart.com,1,1,2019-06-14
analytics.google.com,1,3,2019-06-14
bing,1,1,2019-06-14
elearning.yuntech.edu.tw,1,1,2019-06-14
Facebook_PicSee,21,37,2019-06-14
facebook.com,13,26,2019-06-14
github.com,2,3,2019-06-14
google,108,177,2019-06-14
l.facebook.com,7,14,2019-06-14
m.facebook.com,1,1,2019-06-14
mail.yahoo.com,1,5,2019-06-14
msn.com,1,1,2019-06-14
paper.dropbox.com,1,1,2019-06-14
sogou,1,1,2019-06-14
tw.search.yahoo.com,1,1,2019-06-14
wlan.cc.ncu.edu.tw,1,2,2019-06-14
(direct),234,484,2019-06-15
accupass.com,7,10,2019-06-15
evernote.com,1,1,2019-06-15
Facebook_PicSee,17,45,2019-06-15
facebook.com,15,27,2019-06-15
github.com,3,6,2019-06-15
google,99,175,2019-06-15
l.facebook.com,6,14,2019-06-15
m.facebook.com,1,3,2019-06-15
mail.yahoo.com,1,1,2019-06-15
maxlist.xyz,1,3,2019-06-15
msn.com,1,2,2019-06-15
paper.dropbox.com,1,2,2019-06-15
sogou,2,2,2019-06-15
tw.search.yahoo.com,1,4,2019-06-15
wlan.cc.ncu.edu.tw,1,3,2019-06-15
(direct),278,602,2019-06-16
accupass.com,9,19,2019-06-16
Facebook_PicSee,23,63,2019-06-16
facebook.com,16,40,2019-06-16
github.com,2,4,2019-06-16
google,114,214,2019-06-16
l.facebook.com,10,25,2019-06-16
lm.facebook.com,1,1,2019-06-16
m.facebook.com,2,2,2019-06-16
mail.yahoo.com,1,2,2019-06-16
maxlist.xyz,1,4,2019-06-16
msn.com,2,5,2019-06-16
paper.dropbox.com,1,1,2019-06-16
sogou,2,2,2019-06-16
tw.search.yahoo.com,1,3,2019-06-16
wlan.cc.ncu.edu.tw,1,6,2019-06-16
(direct),361,609,2019-06-17
accupass.com,12,26,2019-06-17
ai100.taocart.com,1,2,2019-06-17
analytics.google.com,1,5,2019-06-17
draw.io,1,1,2019-06-17
elearning.yuntech.edu.tw,1,1,2019-06-17
Facebook_PicSee,26,42,2019-06-17
facebook.com,16,38,2019-06-17
github.com,2,5,2019-06-17
google,128,221,2019-06-17
l.facebook.com,7,15,2019-06-17
lm.facebook.com,1,3,2019-06-17
m.facebook.com,4,5,2019-06-17
mail.yahoo.com,1,1,2019-06-17
paper.dropbox.com,1,1,2019-06-17
tw.search.yahoo.com,2,2,2019-06-17
wlan.cc.ncu.edu.tw,1,3,2019-06-17
(direct),290,519,2019-06-18
accupass.com,13,22,2019-06-18
ai100.taocart.com,1,2,2019-06-18
analytics.google.com,2,7,2019-06-18
Facebook_PicSee,21,36,2019-06-18
facebook.com,22,41,2019-06-18
github.com,4,6,2019-06-18
google,136,219,2019-06-18
l.facebook.com,5,9,2019-06-18
mail.yahoo.com,1,1,2019-06-18
maxlist.xyz,1,5,2019-06-18
medium.com,1,1,2019-06-18
paper.dropbox.com,1,1,2019-06-18
tw.search.yahoo.com,1,2,2019-06-18
(direct),262,421,2019-06-19
accupass.com,8,13,2019-06-19
ai100.taocart.com,1,2,2019-06-19
analytics.google.com,2,3,2019-06-19
Facebook_PicSee,14,27,2019-06-19
facebook.com,19,30,2019-06-19
github.com,2,2,2019-06-19
google,104,141,2019-06-19
l.facebook.com,6,11,2019-06-19
l.messenger.com,1,2,2019-06-19
m.facebook.com,2,2,2019-06-19
mail.google.com,1,1,2019-06-19
mail.yahoo.com,2,2,2019-06-19
maxlist.xyz,1,2,2019-06-19
msn.com,1,2,2019-06-19
paper.dropbox.com,1,1,2019-06-19
tw.search.yahoo.com,2,2,2019-06-19
(direct),251,406,2019-06-20
accupass.com,8,17,2019-06-20
ai100.taocart.com,1,3,2019-06-20
analytics.google.com,2,10,2019-06-20
Facebook_PicSee,19,24,2019-06-20
facebook.com,23,49,2019-06-20
github.com,1,3,2019-06-20
google,131,203,2019-06-20
l.facebook.com,5,11,2019-06-20
l.messenger.com,1,1,2019-06-20
lm.facebook.com,1,1,2019-06-20
maxlist.xyz,1,1,2019-06-20
sogou,1,1,2019-06-20
tw.search.yahoo.com,2,4,2019-06-20
(direct),216,354,2019-06-21
a.pr-cy.ru,1,1,2019-06-21
accupass.com,3,5,2019-06-21
analytics.google.com,1,4,2019-06-21
dynalist.io,1,1,2019-06-21
Facebook_PicSee,14,35,2019-06-21
facebook.com,19,33,2019-06-21
github.com,2,2,2019-06-21
google,114,157,2019-06-21
hackmd.io,1,1,2019-06-21
instagram.com,1,1,2019-06-21
l.facebook.com,8,11,2019-06-21
local.taocart.com,1,1,2019-06-21
m.facebook.com,8,8,2019-06-21
mail.yahoo.com,1,2,2019-06-21
paper.dropbox.com,2,3,2019-06-21
sogou,2,2,2019-06-21
tw.search.yahoo.com,1,1,2019-06-21
(direct),169,319,2019-06-22
accupass.com,6,16,2019-06-22
Facebook_PicSee,16,44,2019-06-22
facebook.com,11,14,2019-06-22
github.com,1,4,2019-06-22
google,71,109,2019-06-22
l.facebook.com,5,6,2019-06-22
mail.yahoo.com,1,1,2019-06-22
paper.dropbox.com,1,1,2019-06-22
sogou,2,2,2019-06-22
(direct),183,328,2019-06-23
accupass.com,6,11,2019-06-23
Facebook_PicSee,10,27,2019-06-23
facebook.com,10,22,2019-06-23
github.com,3,9,2019-06-23
google,100,146,2019-06-23
l.facebook.com,5,10,2019-06-23
maxlist.xyz,1,1,2019-06-23
msn.com,2,4,2019-06-23
(direct),255,446,2019-06-24
accupass.com,7,16,2019-06-24
ai100.taocart.com,1,3,2019-06-24
analytics.google.com,1,2,2019-06-24
Facebook_PicSee,27,45,2019-06-24
facebook.com,20,49,2019-06-24
github.com,2,10,2019-06-24
google,137,233,2019-06-24
l.facebook.com,9,17,2019-06-24
mail.google.com,1,2,2019-06-24
mail.yahoo.com,2,3,2019-06-24
msn.com,1,2,2019-06-24
paper.dropbox.com,1,1,2019-06-24
tw.search.yahoo.com,1,2,2019-06-24
(direct),260,447,2019-06-25
a.pr-cy.ru,1,1,2019-06-25
accupass.com,11,23,2019-06-25
ai100.taocart.com,1,1,2019-06-25
analytics.google.com,1,4,2019-06-25
bing,1,1,2019-06-25
chrome.google.com,1,1,2019-06-25
Facebook_PicSee,20,49,2019-06-25
facebook.com,22,49,2019-06-25
github.com,1,3,2019-06-25
google,129,209,2019-06-25
l.facebook.com,6,12,2019-06-25
local.taocart.com,1,1,2019-06-25
mail.google.com,1,3,2019-06-25
mail.yahoo.com,1,1,2019-06-25
maxlist.xyz,1,1,2019-06-25
medium.com,1,1,2019-06-25
msn.com,1,3,2019-06-25
paper.dropbox.com,1,1,2019-06-25
plurk.com,1,1,2019-06-25
tw.search.yahoo.com,1,1,2019-06-25
(direct),243,404,2019-06-26
accupass.com,9,14,2019-06-26
analytics.google.com,1,6,2019-06-26
bing,1,1,2019-06-26
Facebook_PicSee,14,33,2019-06-26
facebook.com,17,31,2019-06-26
github.com,1,1,2019-06-26
google,97,149,2019-06-26
l.facebook.com,7,13,2019-06-26
m.facebook.com,1,1,2019-06-26
mail.google.com,1,1,2019-06-26
paper.dropbox.com,1,1,2019-06-26
sogou,1,1,2019-06-26
yahoo,1,1,2019-06-26
(direct),225,362,2019-06-27
accupass.com,12,20,2019-06-27
analytics.google.com,1,4,2019-06-27
bing,1,1,2019-06-27
Facebook_PicSee,18,37,2019-06-27
facebook.com,24,49,2019-06-27
github.com,1,3,2019-06-27
google,104,166,2019-06-27
l.facebook.com,7,14,2019-06-27
m.facebook.com,2,2,2019-06-27
mail.google.com,1,5,2019-06-27
mail.yahoo.com,2,2,2019-06-27
maxlist.xyz,1,2,2019-06-27
sogou,1,1,2019-06-27
tw.search.yahoo.com,1,1,2019-06-27
(direct),199,324,2019-06-28
accupass.com,7,13,2019-06-28
ai100.taocart.com,1,2,2019-06-28
analytics.google.com,1,9,2019-06-28
Facebook_PicSee,12,25,2019-06-28
facebook.com,18,30,2019-06-28
github.com,1,1,2019-06-28
google,109,145,2019-06-28
l.facebook.com,7,9,2019-06-28
sogou,2,2,2019-06-28
tw.search.yahoo.com,1,1,2019-06-28
(direct),148,283,2019-06-29
accupass.com,6,9,2019-06-29
bing,2,2,2019-06-29
Facebook_PicSee,7,15,2019-06-29
facebook.com,12,24,2019-06-29
github.com,1,1,2019-06-29
google,81,148,2019-06-29
l.facebook.com,3,5,2019-06-29
mail.yahoo.com,1,1,2019-06-29
msn.com,1,4,2019-06-29
sogou,1,1,2019-06-29
tw.search.yahoo.com,1,1,2019-06-29
(direct),163,311,2019-06-30
accupass.com,7,11,2019-06-30
bing,2,2,2019-06-30
chrome.google.com,1,1,2019-06-30
Facebook_PicSee,11,34,2019-06-30
facebook.com,14,28,2019-06-30
github.com,1,2,2019-06-30
google,87,138,2019-06-30
jsproxy.ga,1,1,2019-06-30
l.facebook.com,4,8,2019-06-30
m.facebook.com,1,4,2019-06-30
mail.google.com,1,1,2019-06-30
msn.com,3,11,2019-06-30
tw.search.yahoo.com,1,1,2019-06-30
(direct),261,450,2019-07-01
accupass.com,13,24,2019-07-01
analytics.google.com,2,6,2019-07-01
Facebook_PicSee,23,39,2019-07-01
facebook.com,19,39,2019-07-01
github.com,2,3,2019-07-01
google,134,197,2019-07-01
l.facebook.com,11,18,2019-07-01
localhost.taocart.com:3000,1,1,2019-07-01
mail.google.com,2,3,2019-07-01
mail.yahoo.com,1,1,2019-07-01
msn.com,1,1,2019-07-01
paper.dropbox.com,1,4,2019-07-01
tendawifi.com,1,2,2019-07-01
(direct),249,439,2019-07-02
accupass.com,11,16,2019-07-02
analytics.google.com,2,5,2019-07-02
baidu.com,1,1,2019-07-02
Facebook_PicSee,17,28,2019-07-02
facebook.com,17,36,2019-07-02
github.com,2,5,2019-07-02
google,124,197,2019-07-02
l.facebook.com,9,24,2019-07-02
lm.facebook.com,1,1,2019-07-02
m.facebook.com,4,4,2019-07-02
mail.google.com,1,3,2019-07-02
mail.yahoo.com,1,1,2019-07-02
msn.com,1,3,2019-07-02
seekkees.com,1,1,2019-07-02
sogou,2,2,2019-07-02
tw.search.yahoo.com,1,1,2019-07-02
(direct),248,409,2019-07-03
accupass.com,11,16,2019-07-03
analytics.google.com,1,4,2019-07-03
draw.io,1,1,2019-07-03
ecosia.org,1,1,2019-07-03
Facebook_PicSee,17,27,2019-07-03
facebook.com,15,30,2019-07-03
github.com,2,7,2019-07-03
google,129,192,2019-07-03
l.facebook.com,6,9,2019-07-03
l.messenger.com,1,1,2019-07-03
local.taocart.com,1,1,2019-07-03
localhost.taocart.com:3000,1,0,2019-07-03
m.facebook.com,2,2,2019-07-03
mail.yahoo.com,1,2,2019-07-03
msn.com,1,1,2019-07-03
sogou,1,1,2019-07-03
(direct),217,364,2019-07-04
accupass.com,12,15,2019-07-04
analytics.google.com,1,4,2019-07-04
baidu.com,1,1,2019-07-04
ecosia.org,1,1,2019-07-04
Facebook_PicSee,18,44,2019-07-04
facebook.com,18,26,2019-07-04
github.com,3,3,2019-07-04
google,122,188,2019-07-04
l.facebook.com,16,27,2019-07-04
local.taocart.com,1,2,2019-07-04
localhost.taocart.com:3000,1,0,2019-07-04
m.facebook.com,3,3,2019-07-04
mail.google.com,1,1,2019-07-04
maxlist.xyz,1,1,2019-07-04
msn.com,2,3,2019-07-04
sogou,1,1,2019-07-04
(direct),185,314,2019-07-05
accupass.com,9,15,2019-07-05
analytics.google.com,1,2,2019-07-05
baidu.com,2,2,2019-07-05
bing,1,1,2019-07-05
evernote.com,1,1,2019-07-05
Facebook_PicSee,15,32,2019-07-05
facebook.com,25,43,2019-07-05
github.com,2,5,2019-07-05
google,125,182,2019-07-05
l.facebook.com,9,15,2019-07-05
localhost.taocart.com:3000,1,2,2019-07-05
m.facebook.com,4,4,2019-07-05
mail.google.com,1,1,2019-07-05
msn.com,1,2,2019-07-05
paper.dropbox.com,1,1,2019-07-05
sogou,1,1,2019-07-05
tw.search.yahoo.com,2,2,2019-07-05
(direct),142,282,2019-07-06
accupass.com,5,12,2019-07-06
Facebook_PicSee,13,26,2019-07-06
facebook.com,13,23,2019-07-06
github.com,2,10,2019-07-06
google,88,147,2019-07-06
l.facebook.com,6,12,2019-07-06
m.facebook.com,2,2,2019-07-06
mail.yahoo.com,1,1,2019-07-06
msn.com,2,2,2019-07-06
tendawifi.com,1,1,2019-07-06
tw.search.yahoo.com,1,3,2019-07-06
yahoo,1,1,2019-07-06
(direct),165,333,2019-07-07
accupass.com,2,3,2019-07-07
baidu.com,8,8,2019-07-07
bing,2,2,2019-07-07
ecosia.org,1,1,2019-07-07
Facebook_PicSee,12,29,2019-07-07
facebook.com,9,20,2019-07-07
github.com,2,10,2019-07-07
google,89,159,2019-07-07
l.facebook.com,5,24,2019-07-07
m.facebook.com,1,1,2019-07-07
mail.yahoo.com,1,1,2019-07-07
maxlist.xyz,1,1,2019-07-07
msn.com,2,4,2019-07-07
tendawifi.com,1,1,2019-07-07
tw.search.yahoo.com,1,1,2019-07-07
(direct),228,425,2019-07-08
accupass.com,11,22,2019-07-08
baidu.com,3,3,2019-07-08
bing,2,7,2019-07-08
ecosia.org,1,2,2019-07-08
Facebook_PicSee,16,30,2019-07-08
facebook.com,24,43,2019-07-08
github.com,2,7,2019-07-08
google,136,222,2019-07-08
l.facebook.com,16,30,2019-07-08
lm.facebook.com,1,2,2019-07-08
localhost.taocart.com:3000,1,1,2019-07-08
m.facebook.com,5,5,2019-07-08
mail.yahoo.com,1,3,2019-07-08
msn.com,1,2,2019-07-08
sogou,2,2,2019-07-08
tw.search.yahoo.com,1,1,2019-07-08
(direct),208,365,2019-07-09
accupass.com,15,21,2019-07-09
analytics.google.com,2,6,2019-07-09
bing,1,1,2019-07-09
evernote.com,1,3,2019-07-09
Facebook_PicSee,18,39,2019-07-09
facebook.com,27,59,2019-07-09
github.com,1,1,2019-07-09
google,112,217,2019-07-09
itseer.blogspot.com,1,1,2019-07-09
l.facebook.com,11,22,2019-07-09
lm.facebook.com,2,4,2019-07-09
m.facebook.com,1,1,2019-07-09
mail.yahoo.com,1,2,2019-07-09
maxlist.xyz,2,2,2019-07-09
msn.com,1,1,2019-07-09
tendawifi.com,1,1,2019-07-09
tw.search.yahoo.com,1,1,2019-07-09
(direct),198,316,2019-07-10
accupass.com,12,22,2019-07-10
analytics.google.com,1,6,2019-07-10
evernote.com,1,2,2019-07-10
Facebook_PicSee,17,32,2019-07-10
facebook.com,25,49,2019-07-10
github.com,1,2,2019-07-10
google,129,224,2019-07-10
l.facebook.com,10,24,2019-07-10
localhost.taocart.com:3000,1,1,2019-07-10
m.facebook.com,1,1,2019-07-10
mail.yahoo.com,1,2,2019-07-10
maxlist.xyz,1,2,2019-07-10
medium.com,1,1,2019-07-10
msn.com,1,2,2019-07-10
tendawifi.com,1,1,2019-07-10
yahoo,1,1,2019-07-10
(direct),220,367,2019-07-11
accupass.com,13,23,2019-07-11
baidu.com,8,8,2019-07-11
bing,1,1,2019-07-11
ecosia.org,1,3,2019-07-11
evernote.com,1,2,2019-07-11
Facebook_PicSee,21,34,2019-07-11
facebook.com,27,54,2019-07-11
github.com,2,8,2019-07-11
google,159,267,2019-07-11
l.facebook.com,13,22,2019-07-11
localhost.taocart.com:3000,1,1,2019-07-11
m.facebook.com,8,9,2019-07-11
mail.yahoo.com,1,1,2019-07-11
msn.com,2,4,2019-07-11
sogou,2,2,2019-07-11
tw.search.yahoo.com,2,4,2019-07-11
(direct),171,304,2019-07-12
accupass.com,8,14,2019-07-12
analytics.google.com,1,2,2019-07-12
baidu.com,1,1,2019-07-12
bing,1,1,2019-07-12
evernote.com,1,4,2019-07-12
Facebook_PicSee,18,29,2019-07-12
facebook.com,19,43,2019-07-12
github.com,2,2,2019-07-12
google,132,248,2019-07-12
hackmd.io,1,2,2019-07-12
l.facebook.com,10,21,2019-07-12
local.taocart.com,1,1,2019-07-12
localhost:8080,1,1,2019-07-12
localhost.taocart.com:3000,1,1,2019-07-12
m.facebook.com,2,2,2019-07-12
mail.yahoo.com,1,1,2019-07-12
msn.com,1,1,2019-07-12
tw.search.yahoo.com,2,2,2019-07-12
(direct),147,283,2019-07-13
accupass.com,7,12,2019-07-13
baidu.com,6,6,2019-07-13
bing,2,5,2019-07-13
e-hentai.org,1,1,2019-07-13
ecosia.org,1,1,2019-07-13
Facebook_PicSee,12,29,2019-07-13
facebook.com,13,33,2019-07-13
github.com,1,1,2019-07-13
google,112,186,2019-07-13
hackmd.io,1,2,2019-07-13
l.facebook.com,5,13,2019-07-13
localhost:8888,1,5,2019-07-13
m.facebook.com,1,1,2019-07-13
mail.yahoo.com,1,4,2019-07-13
msn.com,2,2,2019-07-13
tw.search.yahoo.com,1,1,2019-07-13
yahoo,2,2,2019-07-13
(direct),163,339,2019-07-14
a.pr-cy.ru,1,1,2019-07-14
accupass.com,6,13,2019-07-14
bing,1,1,2019-07-14
e-hentai.org,1,1,2019-07-14
ecosia.org,1,1,2019-07-14
Facebook_PicSee,9,27,2019-07-14
facebook.com,18,39,2019-07-14
github.com,2,7,2019-07-14
google,104,177,2019-07-14
hackmd.io,1,1,2019-07-14
l.facebook.com,7,20,2019-07-14
localhost:8888,1,3,2019-07-14
mail.yahoo.com,1,3,2019-07-14
maxlist.xyz,3,5,2019-07-14
msn.com,2,7,2019-07-14
paper.dropbox.com,1,5,2019-07-14
sogou,2,2,2019-07-14
(direct),220,366,2019-07-15
accupass.com,11,15,2019-07-15
analytics.google.com,1,5,2019-07-15
baidu.com,7,7,2019-07-15
bing,1,1,2019-07-15
draw.io,1,1,2019-07-15
evernote.com,1,4,2019-07-15
Facebook_PicSee,14,33,2019-07-15
facebook.com,27,55,2019-07-15
github.com,2,7,2019-07-15
google,156,251,2019-07-15
hackmd.io,1,2,2019-07-15
l.facebook.com,11,30,2019-07-15
local.taocart.com,1,1,2019-07-15
localhost:8888,1,1,2019-07-15
m.facebook.com,2,2,2019-07-15
mail.yahoo.com,1,1,2019-07-15
maxlist.xyz,1,1,2019-07-15
medium.com,1,1,2019-07-15
msn.com,3,4,2019-07-15
paper.dropbox.com,1,4,2019-07-15
(direct),203,347,2019-07-16
accupass.com,12,23,2019-07-16
analytics.google.com,2,3,2019-07-16
bing,2,3,2019-07-16
ecosia.org,1,4,2019-07-16
Facebook_PicSee,15,35,2019-07-16
facebook.com,24,50,2019-07-16
github.com,3,10,2019-07-16
google,162,273,2019-07-16
hackmd.io,1,6,2019-07-16
l.facebook.com,10,28,2019-07-16
localhost:8888,1,1,2019-07-16
m.facebook.com,4,4,2019-07-16
mail.yahoo.com,1,2,2019-07-16
maxlist.xyz,2,2,2019-07-16
msn.com,1,1,2019-07-16
paper.dropbox.com,1,2,2019-07-16
sg2003.webmail.hinet.net,1,1,2019-07-16
sogou,2,2,2019-07-16
(direct),198,322,2019-07-17
accupass.com,10,19,2019-07-17
analytics.google.com,3,4,2019-07-17
bing,2,3,2019-07-17
ecosia.org,1,3,2019-07-17
Facebook_PicSee,14,25,2019-07-17
facebook.com,20,34,2019-07-17
getpocket.com,1,2,2019-07-17
github.com,3,6,2019-07-17
google,155,247,2019-07-17
hackmd.io,1,1,2019-07-17
l.facebook.com,12,20,2019-07-17
localhost:8888,1,1,2019-07-17
mail.yahoo.com,1,2,2019-07-17
maxlist.xyz,1,1,2019-07-17
tw.search.yahoo.com,1,1,2019-07-17
www-maxlist-xyz.cdn.ampproject.org,1,1,2019-07-17
yahoo,1,1,2019-07-17
(direct),179,303,2019-07-18
accupass.com,10,15,2019-07-18
ahrefs.com,1,1,2019-07-18
analytics.google.com,2,7,2019-07-18
bing,2,3,2019-07-18
ecosia.org,1,3,2019-07-18
Facebook_PicSee,20,43,2019-07-18
facebook.com,22,42,2019-07-18
github.com,3,7,2019-07-18
google,162,271,2019-07-18
hackmd.io,1,1,2019-07-18
l.facebook.com,9,15,2019-07-18
l.messenger.com,1,2,2019-07-18
localhost:8888,1,1,2019-07-18
m.facebook.com,4,5,2019-07-18
maxlist.xyz,1,1,2019-07-18
msn.com,1,1,2019-07-18
paper.dropbox.com,1,1,2019-07-18
tw.search.yahoo.com,1,1,2019-07-18
(direct),165,291,2019-07-19
accupass.com,12,22,2019-07-19
ahrefs.com,1,1,2019-07-19
analytics.google.com,2,7,2019-07-19
bing,2,2,2019-07-19
ecosia.org,1,2,2019-07-19
Facebook_PicSee,20,46,2019-07-19
facebook.com,24,51,2019-07-19
github.com,2,5,2019-07-19
google,127,191,2019-07-19
hackmd.io,1,1,2019-07-19
l.facebook.com,8,21,2019-07-19
l.messenger.com,1,1,2019-07-19
local.taocart.com,1,1,2019-07-19
localhost:8080,1,6,2019-07-19
localhost:8888,1,1,2019-07-19
m.facebook.com,2,2,2019-07-19
maxlist.xyz,1,1,2019-07-19
msn.com,4,7,2019-07-19
tw.search.yahoo.com,1,1,2019-07-19
www-maxlist-xyz.cdn.ampproject.org,1,1,2019-07-19
(direct),148,310,2019-07-20
accupass.com,6,13,2019-07-20
bing,2,3,2019-07-20
ecosia.org,1,1,2019-07-20
evernote.com,1,3,2019-07-20
Facebook_PicSee,11,24,2019-07-20
facebook.com,14,28,2019-07-20
github.com,2,8,2019-07-20
google,105,171,2019-07-20
hackmd.io,1,5,2019-07-20
l.facebook.com,4,6,2019-07-20
localhost:8888,1,3,2019-07-20
m.facebook.com,2,2,2019-07-20
mail.yahoo.com,1,2,2019-07-20
maxlist.xyz,1,3,2019-07-20
msn.com,1,3,2019-07-20
sogou,1,1,2019-07-20
tw.search.yahoo.com,1,4,2019-07-20
(direct),158,311,2019-07-21
accupass.com,10,21,2019-07-21
baidu.com,8,8,2019-07-21
bing,4,4,2019-07-21
ecosia.org,1,3,2019-07-21
Facebook_PicSee,14,28,2019-07-21
facebook.com,14,27,2019-07-21
github.com,2,12,2019-07-21
google,110,199,2019-07-21
hackmd.io,1,3,2019-07-21
inbrowserapp.com,1,1,2019-07-21
l.facebook.com,7,17,2019-07-21
localhost:8888,1,5,2019-07-21
m.facebook.com,2,2,2019-07-21
maxlist.xyz,2,6,2019-07-21
msn.com,1,3,2019-07-21
sogou,1,1,2019-07-21
tw.search.yahoo.com,2,4,2019-07-21
www-maxlist-xyz.cdn.ampproject.org,1,1,2019-07-21
yahoo,1,1,2019-07-21
(direct),201,360,2019-07-22
52.222.211.155:6080,1,1,2019-07-22
accupass.com,14,21,2019-07-22
analytics.google.com,1,7,2019-07-22
bing,2,4,2019-07-22
ecosia.org,1,3,2019-07-22
Facebook_PicSee,18,39,2019-07-22
facebook.com,20,36,2019-07-22
github.com,3,7,2019-07-22
google,170,280,2019-07-22
hackmd.io,1,4,2019-07-22
l.facebook.com,7,15,2019-07-22
localhost:8080,1,2,2019-07-22
localhost:8888,1,4,2019-07-22
m.facebook.com,1,1,2019-07-22
msn.com,2,3,2019-07-22
search.mysearch.com,1,1,2019-07-22
so.com,1,1,2019-07-22
sogou,1,1,2019-07-22
(direct),225,415,2019-07-23
accupass.com,11,26,2019-07-23
analytics.google.com,2,5,2019-07-23
bing,1,1,2019-07-23
duckduckgo,1,1,2019-07-23
ecosia.org,1,1,2019-07-23
Facebook_PicSee,15,32,2019-07-23
facebook.com,22,40,2019-07-23
github.com,1,3,2019-07-23
google,159,262,2019-07-23
hackmd.io,1,4,2019-07-23
l.facebook.com,12,28,2019-07-23
localhost:8888,2,6,2019-07-23
m.facebook.com,3,3,2019-07-23
maxlist.xyz,1,1,2019-07-23
msn.com,4,7,2019-07-23
sogou,1,1,2019-07-23
tw.search.yahoo.com,1,1,2019-07-23
(direct),197,350,2019-07-24
a.pr-cy.ru,1,1,2019-07-24
accupass.com,16,28,2019-07-24
analytics.google.com,1,2,2019-07-24
ask,1,1,2019-07-24
baidu,1,1,2019-07-24
baidu.com,9,9,2019-07-24
bing,2,3,2019-07-24
e-hentai.org,1,1,2019-07-24
ecosia.org,1,1,2019-07-24
Facebook_PicSee,8,22,2019-07-24
facebook.com,18,30,2019-07-24
github.com,1,5,2019-07-24
google,171,263,2019-07-24
l.facebook.com,10,14,2019-07-24
l.messenger.com,1,1,2019-07-24
lm.facebook.com,1,1,2019-07-24
localhost:8888,1,2,2019-07-24
m.facebook.com,1,1,2019-07-24
maxlist.xyz,2,2,2019-07-24
msn.com,2,2,2019-07-24
www-maxlist-xyz.cdn.ampproject.org,1,2,2019-07-24
(direct),202,378,2019-07-25
accupass.com,14,26,2019-07-25
ahrefs.com,1,1,2019-07-25
analytics.google.com,1,2,2019-07-25
bing,2,3,2019-07-25
evernote.com,1,1,2019-07-25
Facebook_PicSee,14,26,2019-07-25
facebook.com,24,34,2019-07-25
github.com,2,9,2019-07-25
google,159,246,2019-07-25
l.facebook.com,9,17,2019-07-25
lm.facebook.com,1,1,2019-07-25
local.taocart.com,1,1,2019-07-25
localhost:8080,1,0,2019-07-25
m.facebook.com,2,2,2019-07-25
mail.google.com,1,1,2019-07-25
maxlist.xyz,1,1,2019-07-25
yahoo,1,1,2019-07-25
(direct),184,297,2019-07-26
accupass.com,11,22,2019-07-26
analytics.google.com,2,3,2019-07-26
baidu.com,1,1,2019-07-26
bing,2,2,2019-07-26
ecosia.org,1,1,2019-07-26
evernote.com,1,1,2019-07-26
Facebook_PicSee,13,20,2019-07-26
facebook.com,16,25,2019-07-26
github.com,3,6,2019-07-26
google,140,226,2019-07-26
l.facebook.com,7,19,2019-07-26
l.messenger.com,1,1,2019-07-26
lm.facebook.com,1,1,2019-07-26
localhost:8888,1,1,2019-07-26
m.facebook.com,5,6,2019-07-26
mail.yahoo.com,1,1,2019-07-26
msn.com,1,1,2019-07-26
sogou,1,1,2019-07-26
www-maxlist-xyz.cdn.ampproject.org,1,1,2019-07-26
(direct),124,221,2019-07-27
accupass.com,8,13,2019-07-27
baidu.com,9,9,2019-07-27
evernote.com,1,2,2019-07-27
Facebook_PicSee,10,21,2019-07-27
facebook.com,9,19,2019-07-27
github.com,1,6,2019-07-27
google,99,155,2019-07-27
l.facebook.com,8,17,2019-07-27
lm.facebook.com,1,1,2019-07-27
localhost:8888,1,7,2019-07-27
m.facebook.com,1,2,2019-07-27
maxlist.xyz,1,3,2019-07-27
msn.com,3,8,2019-07-27
paper.dropbox.com,1,1,2019-07-27
sogou,1,1,2019-07-27
tw.search.yahoo.com,2,2,2019-07-27
www-maxlist-xyz.cdn.ampproject.org,1,1,2019-07-27
(direct),133,240,2019-07-28
accupass.com,8,15,2019-07-28
evernote.com,1,1,2019-07-28
Facebook_PicSee,11,27,2019-07-28
facebook.com,12,32,2019-07-28
github.com,1,2,2019-07-28
google,105,173,2019-07-28
l.facebook.com,8,26,2019-07-28
localhost:8888,1,7,2019-07-28
msn.com,3,8,2019-07-28
sogou,2,2,2019-07-28
yahoo,1,1,2019-07-28
(direct),180,330,2019-07-29
accupass.com,14,24,2019-07-29
analytics.google.com,1,2,2019-07-29
baidu.com,1,1,2019-07-29
bing,1,1,2019-07-29
evernote.com,1,4,2019-07-29
Facebook_PicSee,19,36,2019-07-29
facebook.com,20,42,2019-07-29
github.com,3,13,2019-07-29
google,159,237,2019-07-29
l.facebook.com,11,29,2019-07-29
lm.facebook.com,1,1,2019-07-29
maxlist.xyz,2,4,2019-07-29
msn.com,1,2,2019-07-29
(direct),188,339,2019-07-30
accupass.com,14,22,2019-07-30
analytics.google.com,2,7,2019-07-30
baidu.com,7,7,2019-07-30
e-hentai.org,1,1,2019-07-30
ecosia.org,1,1,2019-07-30
evernote.com,1,1,2019-07-30
Facebook_PicSee,16,28,2019-07-30
facebook.com,21,43,2019-07-30
github.com,2,9,2019-07-30
google,189,286,2019-07-30
l.facebook.com,12,26,2019-07-30
l.messenger.com,1,1,2019-07-30
lm.facebook.com,1,1,2019-07-30
localhost:8080,1,1,2019-07-30
localhost:8888,1,1,2019-07-30
maxlist.xyz,2,2,2019-07-30
(direct),172,297,2019-07-31
accupass.com,14,19,2019-07-31
analytics.google.com,1,2,2019-07-31
baidu,1,1,2019-07-31
bing,1,1,2019-07-31
ecosia.org,1,1,2019-07-31
evernote.com,1,4,2019-07-31
Facebook_PicSee,11,19,2019-07-31
facebook.com,17,35,2019-07-31
github.com,1,2,2019-07-31
google,179,243,2019-07-31
l.facebook.com,12,15,2019-07-31
l.messenger.com,1,1,2019-07-31
lm.facebook.com,2,3,2019-07-31
m.facebook.com,1,1,2019-07-31
mail.qq.com,1,3,2019-07-31
maxlist.xyz,1,3,2019-07-31
old.accupass.com,1,2,2019-07-31
tw.search.yahoo.com,1,1,2019-07-31
(direct),371,519,2019-08-01
accupass.com,16,30,2019-08-01
analytics.google.com,1,4,2019-08-01
evernote.com,1,2,2019-08-01
Facebook_PicSee,19,29,2019-08-01
facebook.com,19,48,2019-08-01
github.com,1,6,2019-08-01
google,210,311,2019-08-01
l.facebook.com,20,32,2019-08-01
l.messenger.com,1,1,2019-08-01
lm.facebook.com,2,2,2019-08-01
localhost:8080,1,1,2019-08-01
localhost:8888,1,3,2019-08-01
m.facebook.com,3,3,2019-08-01
mail.google.com,45,68,2019-08-01
mail.qq.com,1,2,2019-08-01
mail.yahoo.com,2,4,2019-08-01
maxlist.xyz,2,2,2019-08-01
msn.com,2,2,2019-08-01
old.accupass.com,1,6,2019-08-01
paper.dropbox.com,1,1,2019-08-01
tw.search.yahoo.com,1,1,2019-08-01
(direct),329,514,2019-08-02
accupass.com,14,21,2019-08-02
analytics.google.com,1,2,2019-08-02
ecosia.org,1,2,2019-08-02
evernote.com,1,1,2019-08-02
Facebook_PicSee,12,24,2019-08-02
facebook.com,16,29,2019-08-02
github.com,1,1,2019-08-02
google,173,263,2019-08-02
l.facebook.com,20,30,2019-08-02
lm.facebook.com,1,1,2019-08-02
m.facebook.com,5,5,2019-08-02
mail.google.com,32,65,2019-08-02
mail.qq.com,1,1,2019-08-02
mail.yahoo.com,1,1,2019-08-02
msn.com,1,1,2019-08-02
old.accupass.com,1,4,2019-08-02
sogou,2,2,2019-08-02
tw.search.yahoo.com,1,2,2019-08-02
(direct),187,316,2019-08-03
accupass.com,10,20,2019-08-03
baidu.com,8,8,2019-08-03
bing,1,1,2019-08-03
evernote.com,1,5,2019-08-03
Facebook_PicSee,10,26,2019-08-03
facebook.com,15,24,2019-08-03
github.com,1,4,2019-08-03
google,98,161,2019-08-03
l.facebook.com,11,21,2019-08-03
l.messenger.com,2,2,2019-08-03
m.facebook.com,1,1,2019-08-03
mail.google.com,13,19,2019-08-03
mail.qq.com,1,1,2019-08-03
tw.search.yahoo.com,2,3,2019-08-03
yahoo,1,1,2019-08-03
(direct),209,370,2019-08-04
accupass.com,9,19,2019-08-04
ecosia.org,1,1,2019-08-04
Facebook_PicSee,8,23,2019-08-04
facebook.com,13,22,2019-08-04
github.com,1,6,2019-08-04
google,111,182,2019-08-04
l.facebook.com,5,7,2019-08-04
localhost:8888,1,1,2019-08-04
m.facebook.com,1,1,2019-08-04
mail.google.com,13,28,2019-08-04
maxlist.xyz,1,1,2019-08-04
msn.com,1,5,2019-08-04
so.com,1,1,2019-08-04
sogou,1,1,2019-08-04
yahoo,1,1,2019-08-04
(direct),288,473,2019-08-05
accupass.com,32,39,2019-08-05
analytics.google.com,1,2,2019-08-05
e-hentai.org,1,1,2019-08-05
evernote.com,3,6,2019-08-05
Facebook_PicSee,22,41,2019-08-05
facebook.com,21,35,2019-08-05
getpocket.com,1,1,2019-08-05
github.com,1,5,2019-08-05
google,179,300,2019-08-05
l.facebook.com,18,28,2019-08-05
l.messenger.com,1,1,2019-08-05
lm.facebook.com,1,1,2019-08-05
localhost:8080,1,2,2019-08-05
localhost:8888,1,3,2019-08-05
m.facebook.com,5,5,2019-08-05
mail.google.com,26,34,2019-08-05
mail.yahoo.com,1,1,2019-08-05
maxlist.xyz,1,2,2019-08-05
msn.com,1,1,2019-08-05
old.accupass.com,1,5,2019-08-05
sogou,1,1,2019-08-05
(direct),260,461,2019-08-06
accupass.com,41,54,2019-08-06
analytics.google.com,1,3,2019-08-06
bing,1,1,2019-08-06
ecosia.org,1,1,2019-08-06
evernote.com,2,7,2019-08-06
Facebook_PicSee,17,36,2019-08-06
facebook.com,17,36,2019-08-06
github.com,4,4,2019-08-06
google,185,307,2019-08-06
l.facebook.com,18,31,2019-08-06
l.messenger.com,1,1,2019-08-06
m.facebook.com,3,3,2019-08-06
mail.google.com,14,21,2019-08-06
mail.yahoo.com,1,1,2019-08-06
maxlist.xyz,1,1,2019-08-06
old.accupass.com,1,6,2019-08-06
tw.search.yahoo.com,1,1,2019-08-06
(direct),266,426,2019-08-07
accupass.com,40,60,2019-08-07
analytics.google.com,1,3,2019-08-07
bing,1,1,2019-08-07
ecosia.org,1,1,2019-08-07
evernote.com,2,5,2019-08-07
Facebook_PicSee,16,34,2019-08-07
facebook.com,22,40,2019-08-07
github.com,4,9,2019-08-07
google,171,294,2019-08-07
l.facebook.com,18,30,2019-08-07
l.messenger.com,1,1,2019-08-07
lm.facebook.com,1,1,2019-08-07
m.facebook.com,1,1,2019-08-07
mail.google.com,26,35,2019-08-07
mail.yahoo.com,2,4,2019-08-07
maxlist.xyz,2,2,2019-08-07
msn.com,1,3,2019-08-07
old.accupass.com,1,4,2019-08-07
(direct),225,401,2019-08-08
accupass.com,34,49,2019-08-08
analytics.google.com,1,6,2019-08-08
baidu.com,6,6,2019-08-08
bing,3,3,2019-08-08
evernote.com,2,3,2019-08-08
Facebook_PicSee,11,19,2019-08-08
facebook.com,19,36,2019-08-08
github.com,2,4,2019-08-08
google,147,209,2019-08-08
l.facebook.com,21,33,2019-08-08
localadmin.taocart.com,1,1,2019-08-08
m.facebook.com,2,3,2019-08-08
mail.google.com,17,22,2019-08-08
mail.yahoo.com,1,2,2019-08-08
msn.com,2,3,2019-08-08
old.accupass.com,1,6,2019-08-08
(direct),218,377,2019-08-09
accupass.com,33,47,2019-08-09
analytics.google.com,1,1,2019-08-09
bing,1,1,2019-08-09
evernote.com,2,5,2019-08-09
Facebook_PicSee,10,22,2019-08-09
facebook.com,24,48,2019-08-09
github.com,3,7,2019-08-09
google,110,183,2019-08-09
l.facebook.com,10,15,2019-08-09
l.messenger.com,1,1,2019-08-09
localhost:8888,1,1,2019-08-09
m.facebook.com,15,15,2019-08-09
mail.google.com,10,22,2019-08-09
mail.yahoo.com,1,1,2019-08-09
msn.com,3,8,2019-08-09
search.mysearch.com,1,1,2019-08-09
sogou,1,1,2019-08-09
yahoo,1,1,2019-08-09
(direct),177,310,2019-08-10
accupass.com,27,45,2019-08-10
analytics.google.com,1,2,2019-08-10
baidu.com,9,9,2019-08-10
evernote.com,1,1,2019-08-10
Facebook_PicSee,8,28,2019-08-10
facebook.com,19,34,2019-08-10
github.com,3,7,2019-08-10
google,115,188,2019-08-10
l.facebook.com,13,21,2019-08-10
lm.facebook.com,1,1,2019-08-10
localhost:8888,1,6,2019-08-10
m.facebook.com,4,4,2019-08-10
mail.google.com,11,16,2019-08-10
mail.qq.com,1,4,2019-08-10
maxlist.xyz,1,1,2019-08-10
msn.com,3,6,2019-08-10
x60606.pixnet.net,1,1,2019-08-10
(direct),195,353,2019-08-11
accupass.com,34,50,2019-08-11
analytics.google.com,1,2,2019-08-11
baidu.com,7,7,2019-08-11
ecosia.org,1,3,2019-08-11
Facebook_PicSee,11,31,2019-08-11
facebook.com,17,38,2019-08-11
github.com,3,4,2019-08-11
google,133,208,2019-08-11
l.facebook.com,9,13,2019-08-11
l.messenger.com,1,1,2019-08-11
localhost:8888,1,2,2019-08-11
m.facebook.com,2,2,2019-08-11
mail.google.com,7,9,2019-08-11
mail.qq.com,1,2,2019-08-11
mail.yahoo.com,1,2,2019-08-11
maxlist.xyz,1,1,2019-08-11
msn.com,1,6,2019-08-11
sogou,2,2,2019-08-11
x60606.pixnet.net,4,4,2019-08-11
(direct),256,498,2019-08-12
accupass.com,43,64,2019-08-12
analytics.google.com,3,9,2019-08-12
bing,3,5,2019-08-12
ecosia.org,1,2,2019-08-12
Facebook_PicSee,33,42,2019-08-12
facebook.com,22,45,2019-08-12
github.com,4,7,2019-08-12
google,180,316,2019-08-12
l.facebook.com,15,22,2019-08-12
lm.facebook.com,1,1,2019-08-12
m.facebook.com,4,7,2019-08-12
mail.google.com,18,28,2019-08-12
mail.yahoo.com,2,2,2019-08-12
msn.com,1,2,2019-08-12
old.accupass.com,1,7,2019-08-12
x60606.pixnet.net,5,6,2019-08-12
(direct),296,500,2019-08-13
accupass.com,62,92,2019-08-13
analytics.google.com,3,7,2019-08-13
baidu.com,5,5,2019-08-13
ecosia.org,1,1,2019-08-13
evernote.com,1,4,2019-08-13
Facebook_PicSee,12,21,2019-08-13
facebook.com,21,38,2019-08-13
github.com,3,4,2019-08-13
google,175,289,2019-08-13
l.facebook.com,16,23,2019-08-13
l.messenger.com,1,3,2019-08-13
localadmin.taocart.com,1,1,2019-08-13
localhost:8888,1,3,2019-08-13
mail.google.com,16,24,2019-08-13
mail.qq.com,1,2,2019-08-13
mail.yahoo.com,1,1,2019-08-13
old.accupass.com,1,6,2019-08-13
tw.search.yahoo.com,1,1,2019-08-13
x60606.pixnet.net,2,2,2019-08-13
(direct),231,368,2019-08-14
accupass.com,48,69,2019-08-14
analytics.google.com,3,3,2019-08-14
bing,3,3,2019-08-14
evernote.com,1,1,2019-08-14
Facebook_PicSee,8,13,2019-08-14
facebook.com,19,30,2019-08-14
github.com,2,3,2019-08-14
google,163,254,2019-08-14
l.facebook.com,10,15,2019-08-14
l.messenger.com,1,1,2019-08-14
localadmin.taocart.com,1,1,2019-08-14
localhost:8888,1,1,2019-08-14
m.facebook.com,3,3,2019-08-14
mail.google.com,21,37,2019-08-14
mail.qq.com,1,1,2019-08-14
mail.yahoo.com,1,2,2019-08-14
maxlist.xyz,1,1,2019-08-14
msn.com,1,2,2019-08-14
old.accupass.com,1,4,2019-08-14
sogou,1,1,2019-08-14
(direct),249,380,2019-08-15
accupass.com,54,73,2019-08-15
analytics.google.com,1,2,2019-08-15
bing,1,1,2019-08-15
evernote.com,1,2,2019-08-15
Facebook_PicSee,10,20,2019-08-15
facebook.com,21,39,2019-08-15
github.com,2,3,2019-08-15
google,138,236,2019-08-15
l.facebook.com,10,14,2019-08-15
l.messenger.com,1,1,2019-08-15
localadmin.taocart.com,1,1,2019-08-15
m.facebook.com,2,2,2019-08-15
mail.google.com,25,43,2019-08-15
mail.qq.com,1,1,2019-08-15
maxlist.xyz,1,1,2019-08-15
medium.com,1,1,2019-08-15
old.accupass.com,1,4,2019-08-15
tw.search.yahoo.com,1,1,2019-08-15
x60606.pixnet.net,1,1,2019-08-15
(direct),199,295,2019-08-16
accupass.com,47,77,2019-08-16
analytics.google.com,3,6,2019-08-16
baidu.com,1,1,2019-08-16
bing,1,1,2019-08-16
evernote.com,1,2,2019-08-16
Facebook_PicSee,9,15,2019-08-16
facebook.com,21,37,2019-08-16
github.com,1,2,2019-08-16
google,129,187,2019-08-16
google.com,1,2,2019-08-16
l.facebook.com,14,24,2019-08-16
l.messenger.com,1,1,2019-08-16
localadmin.taocart.com,1,1,2019-08-16
m.facebook.com,4,4,2019-08-16
mail.google.com,17,22,2019-08-16
mbox.server324.com,1,4,2019-08-16
msn.com,1,3,2019-08-16
old.accupass.com,1,1,2019-08-16
tw.search.yahoo.com,1,1,2019-08-16
x60606.pixnet.net,1,1,2019-08-16
(direct),162,279,2019-08-17
accupass.com,46,66,2019-08-17
baidu.com,7,7,2019-08-17
ecosia.org,1,2,2019-08-17
Facebook_PicSee,11,31,2019-08-17
facebook.com,16,28,2019-08-17
google,105,151,2019-08-17
l.facebook.com,5,10,2019-08-17
l.messenger.com,1,2,2019-08-17
localhost:8888,1,1,2019-08-17
m.facebook.com,2,2,2019-08-17
mail.google.com,18,27,2019-08-17
maxlist.xyz,1,1,2019-08-17
msn.com,1,2,2019-08-17
sogou,2,2,2019-08-17
tw.search.yahoo.com,1,1,2019-08-17
(direct),181,295,2019-08-18
accupass.com,42,71,2019-08-18
analytics.google.com,1,2,2019-08-18
baidu.com,6,6,2019-08-18
e-hentai.org,1,2,2019-08-18
ecosia.org,1,1,2019-08-18
Facebook_PicSee,8,20,2019-08-18
facebook.com,15,33,2019-08-18
google,109,174,2019-08-18
l.facebook.com,4,5,2019-08-18
l.messenger.com,1,2,2019-08-18
lm.facebook.com,2,2,2019-08-18
localhost:8888,1,1,2019-08-18
m.facebook.com,3,4,2019-08-18
mail.google.com,14,23,2019-08-18
maxlist.xyz,1,4,2019-08-18
msn.com,2,6,2019-08-18
www-maxlist-xyz.cdn.ampproject.org,2,3,2019-08-18
(direct),257,419,2019-08-19
accupass.com,66,99,2019-08-19
analytics.google.com,3,6,2019-08-19
baidu.com,2,2,2019-08-19
ecosia.org,1,2,2019-08-19
evernote.com,3,4,2019-08-19
Facebook_PicSee,10,16,2019-08-19
facebook.com,31,55,2019-08-19
github.com,3,3,2019-08-19
google,169,267,2019-08-19
l.facebook.com,11,16,2019-08-19
l.messenger.com,1,2,2019-08-19
lm.facebook.com,1,1,2019-08-19
m.facebook.com,11,11,2019-08-19
mail.google.com,17,30,2019-08-19
maxlist.xyz,1,2,2019-08-19
msn.com,3,6,2019-08-19
so.com,1,1,2019-08-19
x60606.pixnet.net,1,1,2019-08-19
yahoo,1,1,2019-08-19
(direct),224,348,2019-08-20
accupass.com,70,112,2019-08-20
analytics.google.com,2,4,2019-08-20
baidu.com,9,9,2019-08-20
evernote.com,3,4,2019-08-20
Facebook_PicSee,33,44,2019-08-20
facebook.com,20,34,2019-08-20
getpocket.com,1,4,2019-08-20
github.com,1,2,2019-08-20
google,168,241,2019-08-20
l.facebook.com,11,18,2019-08-20
l.messenger.com,1,1,2019-08-20
localhost:8888,1,1,2019-08-20
m.facebook.com,4,4,2019-08-20
mail.google.com,14,21,2019-08-20
maxlist.xyz,1,3,2019-08-20
mbox.server324.com,2,3,2019-08-20
medium.com,1,1,2019-08-20
msn.com,1,1,2019-08-20
tw.search.yahoo.com,1,1,2019-08-20
(direct),247,338,2019-08-21
accupass.com,56,82,2019-08-21
analytics.google.com,2,5,2019-08-21
baidu.com,5,5,2019-08-21
evernote.com,1,2,2019-08-21
Facebook_PicSee,24,30,2019-08-21
facebook.com,27,43,2019-08-21
getpocket.com,2,4,2019-08-21
github.com,1,1,2019-08-21
google,151,224,2019-08-21
l.facebook.com,7,12,2019-08-21
m.facebook.com,3,3,2019-08-21
mail.google.com,19,24,2019-08-21
mail.ncku.edu.tw,1,1,2019-08-21
maxlist.xyz,1,1,2019-08-21
mbox.server324.com,1,5,2019-08-21
msn.com,1,1,2019-08-21
sogou,2,2,2019-08-21
tw.search.yahoo.com,1,1,2019-08-21
(direct),228,339,2019-08-22
accupass.com,65,86,2019-08-22
analytics.google.com,2,5,2019-08-22
baidu.com,3,3,2019-08-22
bing,1,1,2019-08-22
evernote.com,1,2,2019-08-22
Facebook_PicSee,17,20,2019-08-22
facebook.com,16,20,2019-08-22
getpocket.com,1,2,2019-08-22
github.com,2,2,2019-08-22
google,176,245,2019-08-22
google.com,1,1,2019-08-22
keep.google.com,1,3,2019-08-22
l.facebook.com,9,16,2019-08-22
l.messenger.com,1,2,2019-08-22
m.beta.facebook.com,1,1,2019-08-22
m.facebook.com,1,1,2019-08-22
mail.google.com,30,47,2019-08-22
mail.qq.com,1,1,2019-08-22
mail.yahoo.com,1,1,2019-08-22
maxlist.xyz,1,1,2019-08-22
mbox.server324.com,1,2,2019-08-22
msn.com,1,1,2019-08-22
smex12-5-en-ctp.trendmicro.com,1,1,2019-08-22
tw.search.yahoo.com,1,1,2019-08-22
x60606.pixnet.net,1,1,2019-08-22
